"brand_name","sku","sku_merchant","price","core","shipping","handling","url","large_image_url","description","part_type"
"Beck Arnley","016-0050","016-0050","9.25","0.00","7.12","0.00","http://www.carparts.com/details/Beck_Arnley/Oil_Filler_Cap/016-0050.html?TID=CJ00001CP&cj=1","http://img2s.cpsimg.com/is/image/Autos/016-0050_is?$200x200$","<b>BECK ARNLEY ENGINE OIL FILLER CAP, NEW</b><p>Beck Arnley Oil Filler Caps are thoroughly built to carry out vehicle needs and owners selection since automotive experts carefully toughened and cycled all components for safekeeping and supreme function.</p><p>Beck Arnley is a leading provider of quality automotive parts equivalent to OE structure, fit, and performance together with the hard-to-find merchandises for cars, light trucks, and SUVs. Beck Arnley's years of experience and proficiency in global sourcing provides vehicle owners the precise part for the right and most up-to-date vehicle applications.</p>","Oil Filler Cap"
"Beck Arnley","016-0052","016-0052","8.40","0.00","7.12","0.00","http://www.carparts.com/details/Beck_Arnley/Oil_Filler_Cap/016-0052.html?TID=CJ00001CP&cj=1","http://img2s.cpsimg.com/is/image/Autos/016-0052_is?$200x200$","<b>BECK ARNLEY ENGINE OIL FILLER CAP, NEW</b><p>Beck Arnley Oil Filler Caps are thoroughly built to carry out vehicle needs and owners selection since automotive experts carefully toughened and cycled all components for safekeeping and supreme function.</p><p>Beck Arnley is a leading provider of quality automotive parts equivalent to OE structure, fit, and performance together with the hard-to-find merchandises for cars, light trucks, and SUVs. Beck Arnley's years of experience and proficiency in global sourcing provides vehicle owners the precise part for the right and most up-to-date vehicle applications.</p>","Oil Filler Cap"
"Beck Arnley","016-0053","016-0053","19.95","0.00","7.12","0.00","http://www.carparts.com/details/Beck_Arnley/Oil_Filler_Cap/016-0053.html?TID=CJ00001CP&cj=1","http://img2s.cpsimg.com/is/image/Autos/016-0053_is?$200x200$","<b>BECK ARNLEY ENGINE OIL FILLER CAP, NEW</b><p>Beck Arnley Oil Filler Caps are thoroughly built to carry out vehicle needs and owners selection since automotive experts carefully toughened and cycled all components for safekeeping and supreme function.</p><p>Beck Arnley is a leading provider of quality automotive parts equivalent to OE structure, fit, and performance together with the hard-to-find merchandises for cars, light trucks, and SUVs. Beck Arnley's years of experience and proficiency in global sourcing provides vehicle owners the precise part for the right and most up-to-date vehicle applications.</p>","Oil Filler Cap"
"Beck Arnley","016-0082","016-0082","7.65","0.00","7.12","0.00","http://www.carparts.com/details/Beck_Arnley/Oil_Filler_Cap/016-0082.html?TID=CJ00001CP&cj=1","http://img2s.cpsimg.com/is/image/Autos/016-0082_is?$200x200$","<b>BECK ARNLEY ENGINE OIL FILLER CAP, NEW</b><p>Beck Arnley Oil Filler Caps are thoroughly built to carry out vehicle needs and owners selection since automotive experts carefully toughened and cycled all components for safekeeping and supreme function.</p><p>Beck Arnley is a leading provider of quality automotive parts equivalent to OE structure, fit, and performance together with the hard-to-find merchandises for cars, light trucks, and SUVs. Beck Arnley's years of experience and proficiency in global sourcing provides vehicle owners the precise part for the right and most up-to-date vehicle applications.</p>","Oil Filler Cap"
"Beck Arnley","016-0088","016-0088","7.75","0.00","6.84","0.00","http://www.carparts.com/details/Beck_Arnley/Oil_Drain_Plug/016-0088.html?TID=CJ00001CP&cj=1","http://img2s.cpsimg.com/is/image/Autos/016-0088_is?$200x200$","<b>BECK ARNLEY OIL DRAIN PLUG</b><p>Beck Arnley Oil Drain Plugs are thoroughly built to carry out vehicle needs and owners selection since automotive experts carefully toughened and cycled all components for safekeeping and supreme function.</p><p>Beck Arnley is a leading provider of quality automotive parts equivalent to OE structure, fit, and performance together with the hard-to-find merchandises for cars, light trucks, and SUVs. Beck Arnley's years of experience and proficiency in global sourcing provides vehicle owners the precise part for the right and most up-to-date vehicle applications.</p>","Oil Drain Plug"
"Beck Arnley","016-0093","016-0093","6.54","0.00","6.84","0.00","http://www.carparts.com/details/Beck_Arnley/Oil_Drain_Plug/016-0093.html?TID=CJ00001CP&cj=1","http://img2s.cpsimg.com/is/image/Autos/016-0093_is?$200x200$","<b>BECK ARNLEY OIL DRAIN PLUG</b><p>Beck Arnley Oil Drain Plugs are thoroughly built to carry out vehicle needs and owners selection since automotive experts carefully toughened and cycled all components for safekeeping and supreme function.</p><p>Beck Arnley is a leading provider of quality automotive parts equivalent to OE structure, fit, and performance together with the hard-to-find merchandises for cars, light trucks, and SUVs. Beck Arnley's years of experience and proficiency in global sourcing provides vehicle owners the precise part for the right and most up-to-date vehicle applications.</p>","Oil Drain Plug"
"Beck Arnley","016-0099","016-0099","7.02","0.00","6.84","0.00","http://www.carparts.com/details/Beck_Arnley/Oil_Drain_Plug/016-0099.html?TID=CJ00001CP&cj=1","http://img2s.cpsimg.com/is/image/Autos/016-0099_is?$200x200$","<b>BECK ARNLEY OIL DRAIN PLUG</b><p>Beck Arnley Oil Drain Plugs are thoroughly built to carry out vehicle needs and owners selection since automotive experts carefully toughened and cycled all components for safekeeping and supreme function.</p><p>Beck Arnley is a leading provider of quality automotive parts equivalent to OE structure, fit, and performance together with the hard-to-find merchandises for cars, light trucks, and SUVs. Beck Arnley's years of experience and proficiency in global sourcing provides vehicle owners the precise part for the right and most up-to-date vehicle applications.</p>","Oil Drain Plug"
"Beck Arnley","016-0116","016-0116","9.80","0.00","6.84","0.00","http://www.carparts.com/details/Beck_Arnley/Oil_Drain_Plug/016-0116.html?TID=CJ00001CP&cj=1","http://img2s.cpsimg.com/is/image/Autos/016-0116_is?$200x200$","<b>BECK ARNLEY OIL DRAIN PLUG</b><p>Beck Arnley Oil Drain Plugs are thoroughly built to carry out vehicle needs and owners selection since automotive experts carefully toughened and cycled all components for safekeeping and supreme function.</p><p>Beck Arnley is a leading provider of quality automotive parts equivalent to OE structure, fit, and performance together with the hard-to-find merchandises for cars, light trucks, and SUVs. Beck Arnley's years of experience and proficiency in global sourcing provides vehicle owners the precise part for the right and most up-to-date vehicle applications.</p>","Oil Drain Plug"
"Beck Arnley","016-0121","016-0121","10.69","0.00","6.84","0.00","http://www.carparts.com/details/Beck_Arnley/Oil_Drain_Plug/016-0121.html?TID=CJ00001CP&cj=1","http://img2s.cpsimg.com/is/image/Autos/016-0121_is?$200x200$","<b>BECK ARNLEY OIL DRAIN PLUG</b><p>Beck Arnley Oil Drain Plugs are thoroughly built to carry out vehicle needs and owners selection since automotive experts carefully toughened and cycled all components for safekeeping and supreme function.</p><p>Beck Arnley is a leading provider of quality automotive parts equivalent to OE structure, fit, and performance together with the hard-to-find merchandises for cars, light trucks, and SUVs. Beck Arnley's years of experience and proficiency in global sourcing provides vehicle owners the precise part for the right and most up-to-date vehicle applications.</p>","Oil Drain Plug"
"Beck Arnley","016-0125","016-0125","20.34","0.00","7.12","0.00","http://www.carparts.com/details/Beck_Arnley/Oil_Filler_Cap/016-0125.html?TID=CJ00001CP&cj=1","http://img2s.cpsimg.com/is/image/Autos/016-0125_is?$200x200$","<b>BECK ARNLEY ENGINE OIL FILLER CAP, NEW</b><p>Beck Arnley Oil Filler Caps are thoroughly built to carry out vehicle needs and owners selection since automotive experts carefully toughened and cycled all components for safekeeping and supreme function.</p><p>Beck Arnley is a leading provider of quality automotive parts equivalent to OE structure, fit, and performance together with the hard-to-find merchandises for cars, light trucks, and SUVs. Beck Arnley's years of experience and proficiency in global sourcing provides vehicle owners the precise part for the right and most up-to-date vehicle applications.</p>","Oil Filler Cap"
"Beck Arnley","016-0129","016-0129","13.89","0.00","7.12","0.00","http://www.carparts.com/details/Beck_Arnley/Oil_Filler_Cap/016-0129.html?TID=CJ00001CP&cj=1","http://img2s.cpsimg.com/is/image/Autos/016-0129_is?$200x200$","<b>BECK ARNLEY ENGINE OIL FILLER CAP, NEW</b><p>Beck Arnley Oil Filler Caps are thoroughly built to carry out vehicle needs and owners selection since automotive experts carefully toughened and cycled all components for safekeeping and supreme function.</p><p>Beck Arnley is a leading provider of quality automotive parts equivalent to OE structure, fit, and performance together with the hard-to-find merchandises for cars, light trucks, and SUVs. Beck Arnley's years of experience and proficiency in global sourcing provides vehicle owners the precise part for the right and most up-to-date vehicle applications.</p>","Oil Filler Cap"
"Beck Arnley","016-0135","016-0135","10.96","0.00","7.12","0.00","http://www.carparts.com/details/Beck_Arnley/Oil_Filler_Cap/016-0135.html?TID=CJ00001CP&cj=1","http://img2s.cpsimg.com/is/image/Autos/016-0135_is?$200x200$","<b>BECK ARNLEY ENGINE OIL FILLER CAP, NEW</b><p>Beck Arnley Oil Filler Caps are thoroughly built to carry out vehicle needs and owners selection since automotive experts carefully toughened and cycled all components for safekeeping and supreme function.</p><p>Beck Arnley is a leading provider of quality automotive parts equivalent to OE structure, fit, and performance together with the hard-to-find merchandises for cars, light trucks, and SUVs. Beck Arnley's years of experience and proficiency in global sourcing provides vehicle owners the precise part for the right and most up-to-date vehicle applications.</p>","Oil Filler Cap"
"Beck Arnley","016-0137","016-0137","7.51","0.00","7.12","0.00","http://www.carparts.com/details/Beck_Arnley/Oil_Filler_Cap/016-0137.html?TID=CJ00001CP&cj=1","http://img2s.cpsimg.com/is/image/Autos/016-0137_is?$200x200$","<b>BECK ARNLEY ENGINE OIL FILLER CAP, NEW</b><p>Beck Arnley Oil Filler Caps are thoroughly built to carry out vehicle needs and owners selection since automotive experts carefully toughened and cycled all components for safekeeping and supreme function.</p><p>Beck Arnley is a leading provider of quality automotive parts equivalent to OE structure, fit, and performance together with the hard-to-find merchandises for cars, light trucks, and SUVs. Beck Arnley's years of experience and proficiency in global sourcing provides vehicle owners the precise part for the right and most up-to-date vehicle applications.</p>","Oil Filler Cap"
"Beck Arnley","016-0138","016-0138","9.77","0.00","7.12","0.00","http://www.carparts.com/details/Beck_Arnley/Oil_Filler_Cap/016-0138.html?TID=CJ00001CP&cj=1","http://img2s.cpsimg.com/is/image/Autos/016-0138_is?$200x200$","<b>BECK ARNLEY ENGINE OIL FILLER CAP, NEW</b><p>Beck Arnley Oil Filler Caps are thoroughly built to carry out vehicle needs and owners selection since automotive experts carefully toughened and cycled all components for safekeeping and supreme function.</p><p>Beck Arnley is a leading provider of quality automotive parts equivalent to OE structure, fit, and performance together with the hard-to-find merchandises for cars, light trucks, and SUVs. Beck Arnley's years of experience and proficiency in global sourcing provides vehicle owners the precise part for the right and most up-to-date vehicle applications.</p>","Oil Filler Cap"
"Beck Arnley","016-0139","016-0139","13.36","0.00","7.12","0.00","http://www.carparts.com/details/Beck_Arnley/Oil_Filler_Cap/016-0139.html?TID=CJ00001CP&cj=1","http://img2s.cpsimg.com/is/image/Autos/016-0139_is?$200x200$","<b>BECK ARNLEY ENGINE OIL FILLER CAP, NEW</b><p>Beck Arnley Oil Filler Caps are thoroughly built to carry out vehicle needs and owners selection since automotive experts carefully toughened and cycled all components for safekeeping and supreme function.</p><p>Beck Arnley is a leading provider of quality automotive parts equivalent to OE structure, fit, and performance together with the hard-to-find merchandises for cars, light trucks, and SUVs. Beck Arnley's years of experience and proficiency in global sourcing provides vehicle owners the precise part for the right and most up-to-date vehicle applications.</p>","Oil Filler Cap"
"Beck Arnley","016-0140","016-0140","8.25","0.00","7.12","0.00","http://www.carparts.com/details/Beck_Arnley/Oil_Filler_Cap/016-0140.html?TID=CJ00001CP&cj=1","http://img2s.cpsimg.com/is/image/Autos/016-0140_is?$200x200$","<b>BECK ARNLEY ENGINE OIL FILLER CAP, NEW</b><p>Beck Arnley Oil Filler Caps are thoroughly built to carry out vehicle needs and owners selection since automotive experts carefully toughened and cycled all components for safekeeping and supreme function.</p><p>Beck Arnley is a leading provider of quality automotive parts equivalent to OE structure, fit, and performance together with the hard-to-find merchandises for cars, light trucks, and SUVs. Beck Arnley's years of experience and proficiency in global sourcing provides vehicle owners the precise part for the right and most up-to-date vehicle applications.</p>","Oil Filler Cap"
"Beck Arnley","016-1003","016-1003","53.25","0.00","5.80","0.00","http://www.carparts.com/details/Beck_Arnley/Cylinder_Head_Bolt/016-1003.html?TID=CJ00001CP&cj=1","http://img2s.cpsimg.com/is/image/Autos/016-1003_is?$200x200$","<b>BECK ARNLEY CYLINDER HEAD BOLT, SET OF 10</b><p>Even the smallest part can play an essential role in running the engine at bay. Beck Arnley's cylinder head bolts are manufactured from high grade stainless steel, with very high tensile strength and elasticity, ensuring reliability and durability for a long time.</p>","Cylinder Head Bolt"
"Beck Arnley","016-1005","016-1005","39.86","0.00","5.80","0.00","http://www.carparts.com/details/Beck_Arnley/Cylinder_Head_Bolt/016-1005.html?TID=CJ00001CP&cj=1","http://img2s.cpsimg.com/is/image/Autos/016-1005_is?$200x200$","<b>BECK ARNLEY CYLINDER HEAD BOLT, SET OF 10</b><p>Even the smallest part can play an essential role in running the engine at bay. Beck Arnley's cylinder head bolts are manufactured from high grade stainless steel, with very high tensile strength and elasticity, ensuring reliability and durability for a long time.</p>","Cylinder Head Bolt"
"Beck Arnley","016-1007","016-1007","37.54","0.00","5.80","0.00","http://www.carparts.com/details/Beck_Arnley/Cylinder_Head_Bolt/016-1007.html?TID=CJ00001CP&cj=1","http://img2s.cpsimg.com/is/image/Autos/016-1007_is?$200x200$","<b>BECK ARNLEY CYLINDER HEAD BOLT, SET OF 10</b><p>Even the smallest part can play an essential role in running the engine at bay. Beck Arnley's cylinder head bolts are manufactured from high grade stainless steel, with very high tensile strength and elasticity, ensuring reliability and durability for a long time.</p>","Cylinder Head Bolt"
"Beck Arnley","016-1008","016-1008","41.31","0.00","6.27","0.00","http://www.carparts.com/details/Beck_Arnley/Cylinder_Head_Bolt/016-1008.html?TID=CJ00001CP&cj=1","http://img2s.cpsimg.com/is/image/Autos/016-1008_is?$200x200$","<b>BECK ARNLEY CYLINDER HEAD BOLT SET</b><p>Even the smallest part can play an essential role in running the engine at bay. Beck Arnley's cylinder head bolts are manufactured from high grade stainless steel, with very high tensile strength and elasticity, ensuring reliability and durability for a long time.</p>","Cylinder Head Bolt"
"Beck Arnley","016-1011","016-1011","31.64","0.00","5.80","0.00","http://www.carparts.com/details/Beck_Arnley/Cylinder_Head_Bolt/016-1011.html?TID=CJ00001CP&cj=1","http://img2s.cpsimg.com/is/image/Autos/016-1011_is?$200x200$","<b>BECK ARNLEY CYLINDER HEAD BOLT, SET OF 10</b><p>Even the smallest part can play an essential role in running the engine at bay. Beck Arnley's cylinder head bolts are manufactured from high grade stainless steel, with very high tensile strength and elasticity, ensuring reliability and durability for a long time.</p>","Cylinder Head Bolt"
"Beck Arnley","016-1012","016-1012","100.61","0.00","3.39","0.00","http://www.carparts.com/details/Beck_Arnley/Cylinder_Head_Bolt/016-1012.html?TID=CJ00001CP&cj=1","http://img2s.cpsimg.com/is/image/Autos/016-1012_is?$200x200$","<b>BECK ARNLEY CYLINDER HEAD BOLT, SET OF 16</b><p>Even the smallest part can play an essential role in running the engine at bay. Beck Arnley's cylinder head bolts are manufactured from high grade stainless steel, with very high tensile strength and elasticity, ensuring reliability and durability for a long time.</p>","Cylinder Head Bolt"
"Beck Arnley","016-1014","016-1014","93.89","0.00","3.77","0.00","http://www.carparts.com/details/Beck_Arnley/Cylinder_Head_Bolt/016-1014.html?TID=CJ00001CP&cj=1","http://img2s.cpsimg.com/is/image/Autos/016-1014_is?$200x200$","<b>BECK ARNLEY CYLINDER HEAD BOLT, SET OF 12</b><p>Even the smallest part can play an essential role in running the engine at bay. Beck Arnley's cylinder head bolts are manufactured from high grade stainless steel, with very high tensile strength and elasticity, ensuring reliability and durability for a long time.</p>","Cylinder Head Bolt"
"Beck Arnley","016-1017","016-1017","84.32","0.00","4.43","0.00","http://www.carparts.com/details/Beck_Arnley/Cylinder_Head_Bolt/016-1017.html?TID=CJ00001CP&cj=1","http://img2s.cpsimg.com/is/image/Autos/016-1017_is?$200x200$","<b>BECK ARNLEY CYLINDER HEAD BOLT, SET OF 14</b><p>Even the smallest part can play an essential role in running the engine at bay. Beck Arnley's cylinder head bolts are manufactured from high grade stainless steel, with very high tensile strength and elasticity, ensuring reliability and durability for a long time.</p>","Cylinder Head Bolt"
"Beck Arnley","016-1018","016-1018","41.87","0.00","5.80","0.00","http://www.carparts.com/details/Beck_Arnley/Cylinder_Head_Bolt/016-1018.html?TID=CJ00001CP&cj=1","http://img2s.cpsimg.com/is/image/Autos/016-1018_is?$200x200$","<b>BECK ARNLEY CYLINDER HEAD BOLT, SET OF 10</b><p>Even the smallest part can play an essential role in running the engine at bay. Beck Arnley's cylinder head bolts are manufactured from high grade stainless steel, with very high tensile strength and elasticity, ensuring reliability and durability for a long time.</p>","Cylinder Head Bolt"
"Beck Arnley","022-1325","022-1325","2.12","0.00","0.85","0.00","http://www.carparts.com/details/Beck_Arnley/Valve_Guide/022-1325.html?TID=CJ00001CP&cj=1","http://img2s.cpsimg.com/is/image/Autos/022-1325_is?$200x200$","BECK-ARNLEY VALVE GUIDE -- A High Quality, Direct Fit OEM Replacement Valve Guide","Valve Guide"
"Beck Arnley","022-1452","022-1452","5.68","0.00","5.21","0.00","http://www.carparts.com/details/Beck_Arnley/Valve_Stem_Seal/022-1452.html?TID=CJ00001CP&cj=1","http://img2s.cpsimg.com/is/image/Autos/022-1452_is?$200x200$","BECK ARNLEY ENGINE INTAKE AND EXHAUST VALVE STEM OIL SEAL, SET OF 4 -- A high quality, OE replacement engine intake and exhaust valve stem oil seal; With 90-day or 4,000-mile Beck Arnley limited warranty.","Valve Stem Seal"
"Beck Arnley","022-1453","022-1453","4.63","0.00","5.21","0.00","http://www.carparts.com/details/Beck_Arnley/Valve_Stem_Seal/022-1453.html?TID=CJ00001CP&cj=1","http://img2s.cpsimg.com/is/image/Autos/022-1453_is?$200x200$","BECK ARNLEY ENGINE INTAKE AND EXHAUST VALVE STEM OIL SEAL, SET OF 4 -- A high quality, OE replacement engine intake and exhaust valve stem oil seal; With 90-day or 4,000-mile Beck Arnley limited warranty.","Valve Stem Seal"
"Beck Arnley","022-1466","022-1466","4.48","0.00","5.21","0.00","http://www.carparts.com/details/Beck_Arnley/Valve_Stem_Seal/022-1466.html?TID=CJ00001CP&cj=1","http://img2s.cpsimg.com/is/image/Autos/022-1466_is?$200x200$","BECK ARNLEY ENGINE INTAKE AND EXHAUST VALVE STEM OIL SEAL, SOLD INDIVIDUALLY -- A high quality, OE replacement engine intake and exhaust valve stem oil seal; With 90-day or 4,000-mile Beck Arnley limited warranty.","Valve Stem Seal"
"Beck Arnley","022-1482","022-1482","4.50","0.00","5.21","0.00","http://www.carparts.com/details/Beck_Arnley/Valve_Stem_Seal/022-1482.html?TID=CJ00001CP&cj=1","http://img2s.cpsimg.com/is/image/Autos/022-1482_is?$200x200$","BECK ARNLEY ENGINE INTAKE AND EXHAUST VALVE STEM OIL SEAL, SOLD INDIVIDUALLY -- A high quality, OE replacement engine intake and exhaust valve stem oil seal; With 90-day or 4,000-mile Beck Arnley limited warranty.","Valve Stem Seal"
"Beck Arnley","022-1515","022-1515","7.84","0.00","5.21","0.00","http://www.carparts.com/details/Beck_Arnley/Valve_Stem_Seal/022-1515.html?TID=CJ00001CP&cj=1","http://img2s.cpsimg.com/is/image/Autos/022-1515_is?$200x200$","BECK ARNLEY ENGINE INTAKE AND EXHAUST VALVE STEM OIL SEAL, SOLD INDIVIDUALLY -- A high quality, OE replacement engine intake and exhaust valve stem oil seal; With 90-day or 4,000-mile Beck Arnley limited warranty.","Valve Stem Seal"
"Beck Arnley","022-1548","022-1548","4.98","0.00","5.21","0.00","http://www.carparts.com/details/Beck_Arnley/Valve_Stem_Seal/022-1548.html?TID=CJ00001CP&cj=1","http://img2s.cpsimg.com/is/image/Autos/022-1548_is?$200x200$","BECK ARNLEY ENGINE INTAKE AND EXHAUST VALVE STEM OIL SEAL, SET OF 4 -- A high quality, OE replacement engine intake and exhaust valve stem oil seal; With 90-day or 4,000-mile Beck Arnley limited warranty.","Valve Stem Seal"
"Beck Arnley","022-1569","022-1569","17.80","0.00","5.21","0.00","http://www.carparts.com/details/Beck_Arnley/Valve_Stem_Seal/022-1569.html?TID=CJ00001CP&cj=1","http://img2s.cpsimg.com/is/image/Autos/022-1569_is?$200x200$","BECK ARNLEY ENGINE EXHAUST VALVE STEM OIL SEAL, SET OF 4 -- A high quality, OE replacement engine exhaust valve stem oil seal; With 90-day or 4,000-mile Beck Arnley limited warranty.","Valve Stem Seal"
"Beck Arnley","022-1570","022-1570","3.50","0.00","5.21","0.00","http://www.carparts.com/details/Beck_Arnley/Valve_Stem_Seal/022-1570.html?TID=CJ00001CP&cj=1","http://img2s.cpsimg.com/is/image/Autos/022-1570_is?$200x200$","BECK ARNLEY ENGINE EXHAUST VALVE STEM OIL SEAL, SET OF 4 -- A high quality, OE replacement engine exhaust valve stem oil seal; With 90-day or 4,000-mile Beck Arnley limited warranty.","Valve Stem Seal"
"Beck Arnley","022-1575","022-1575","4.66","0.00","5.21","0.00","http://www.carparts.com/details/Beck_Arnley/Valve_Stem_Seal/022-1575.html?TID=CJ00001CP&cj=1","http://img2s.cpsimg.com/is/image/Autos/022-1575_is?$200x200$","BECK ARNLEY ENGINE INTAKE AND EXHAUST VALVE STEM OIL SEAL, SET OF 4-- A high quality, OE replacement engine intake and exhaust valve stem oil seal; With 90-day or 4,000-mile Beck Arnley limited warranty.","Valve Stem Seal"
"Beck Arnley","022-1593","022-1593","4.96","0.00","5.21","0.00","http://www.carparts.com/details/Beck_Arnley/Valve_Stem_Seal/022-1593.html?TID=CJ00001CP&cj=1","http://img2s.cpsimg.com/is/image/Autos/022-1593_is?$200x200$","BECK ARNLEY ENGINE INTAKE AND EXHAUST VALVE STEM OIL SEAL, SET OF 8 -- A high quality, OE replacement engine intake and exhaust valve stem oil seal set; With 90-day or 4,000-mile Beck Arnley limited warranty.","Valve Stem Seal"
"Beck Arnley","022-1595","022-1595","4.86","0.00","5.21","0.00","http://www.carparts.com/details/Beck_Arnley/Valve_Stem_Seal/022-1595.html?TID=CJ00001CP&cj=1","http://img2s.cpsimg.com/is/image/Autos/022-1595_is?$200x200$","BECK ARNLEY ENGINE EXHAUST VALVE STEM OIL SEAL, SET OF 4 -- A high quality, OE replacement engine exhaust valve stem oil seal; With 90-day or 4,000-mile Beck Arnley limited warranty.","Valve Stem Seal"
"Beck Arnley","022-1622","022-1622","2.20","0.00","0.85","0.20","http://www.carparts.com/details/Beck_Arnley/Valve_Guide/022-1622.html?TID=CJ00001CP&cj=1","http://img2s.cpsimg.com/is/image/Autos/022-1622_is?$200x200$","BECK-ARNLEY INTAKE VALVE GUIDE -- A High Quality, Direct Fit OEM Replacement Intake Valve Guide","Valve Guide"
"Beck Arnley","022-1627","022-1627","4.70","0.00","5.21","0.00","http://www.carparts.com/details/Beck_Arnley/Valve_Stem_Seal/022-1627.html?TID=CJ00001CP&cj=1","http://img2s.cpsimg.com/is/image/Autos/022-1627_is?$200x200$","BECK ARNLEY ENGINE INTAKE AND EXHAUST VALVE STEM OIL SEAL, SET OF 3 -- A high quality, OE replacement engine intake and exhaust valve stem oil seal; With 90-day or 4,000-mile Beck Arnley limited warranty.","Valve Stem Seal"
"Beck Arnley","022-1630","022-1630","6.63","0.00","5.21","0.00","http://www.carparts.com/details/Beck_Arnley/Valve_Stem_Seal/022-1630.html?TID=CJ00001CP&cj=1","http://img2s.cpsimg.com/is/image/Autos/022-1630_is?$200x200$","BECK ARNLEY ENGINE INTAKE VALVE STEM OIL SEAL, SET OF 4 -- A high quality, OE replacement engine intake valve stem oil seal; With 90-day or 4,000-mile Beck Arnley limited warranty.","Valve Stem Seal"
"Beck Arnley","022-5006","022-5006","4.52","0.00","5.21","0.00","http://www.carparts.com/details/Beck_Arnley/Valve_Stem_Seal/022-5006.html?TID=CJ00001CP&cj=1","http://img2s.cpsimg.com/is/image/Autos/022-5006_is?$200x200$","BECK ARNLEY ENGINE INTAKE AND EXHAUST VALVE STEM OIL SEAL, SET OF 4 -- A high quality, OE replacement engine intake and exhaust valve stem oil seal; With 90-day or 4,000-mile Beck Arnley limited warranty.","Valve Stem Seal"
"Beck Arnley","022-5029","022-5029","5.43","0.00","5.21","0.00","http://www.carparts.com/details/Beck_Arnley/Valve_Stem_Seal/022-5029.html?TID=CJ00001CP&cj=1","http://img2s.cpsimg.com/is/image/Autos/022-5029_is?$200x200$","BECK ARNLEY ENGINE INTAKE AND EXHAUST VALVE STEM OIL SEAL, SOLD INDIVIDUALLY -- A high quality, OE replacement engine intake and exhaust valve stem oil seal; With 90-day or 4,000-mile Beck Arnley limited warranty.","Valve Stem Seal"
"Beck Arnley","022-7007","022-7007","8.82","0.00","6.90","0.00","http://www.carparts.com/details/Beck_Arnley/Valve_Lash_Adjuster/022-7007.html?TID=CJ00001CP&cj=1","http://img2s.cpsimg.com/is/image/Autos/022-7007_is?$200x200$","BECK ARNLEY ENGINE HYDRAULIC VALVE ADJUSTER -- A high quality, OE replacement engine hydraulic valve adjuster; With 90-day or 4,000-mile Beck Arnley limited warranty.","Valve Lash Adjuster"
"Beck Arnley","024-0044","024-0044","51.75","0.00","6.39","0.00","http://www.carparts.com/details/Beck_Arnley/Timing_Chain/024-0044.html?TID=CJ00001CP&cj=1","http://img2s.cpsimg.com/is/image/Autos/024-0044_is?$200x200$","BECK ARNLEY ENGINE TIMING CHAIN -- A high quality, direct fit OE replacement engine timing chain.","Timing Chain"
"Beck Arnley","024-0085","024-0085","31.34","0.00","6.39","0.00","http://www.carparts.com/details/Beck_Arnley/Timing_Chain/024-0085.html?TID=CJ00001CP&cj=1","http://img2s.cpsimg.com/is/image/Autos/024-0085_is?$200x200$","BECK ARNLEY TIMING CHAIN -- A High Quality, Direct-Fit OEM Replacement Timing Chain","Timing Chain"
"Beck Arnley","024-0226","024-0226","17.88","0.00","6.39","0.00","http://www.carparts.com/details/Beck_Arnley/Timing_Chain/024-0226.html?TID=CJ00001CP&cj=1","http://img2s.cpsimg.com/is/image/Autos/024-0226_is?$200x200$","BECK ARNLEY TIMING CHAIN -- A High Quality, Direct-Fit OEM Replacement Timing Chain","Timing Chain"
"Beck Arnley","024-0317","024-0317","32.59","0.00","6.39","0.00","http://www.carparts.com/details/Beck_Arnley/Timing_Chain/024-0317.html?TID=CJ00001CP&cj=1","http://img2s.cpsimg.com/is/image/Autos/024-0317_is?$200x200$","BECK ARNLEY TIMING CHAIN -- A High Quality, Direct-Fit OEM Replacement Timing Chain","Timing Chain"
"Beck Arnley","024-0481","024-0481","13.12","0.00","4.80","0.00","http://www.carparts.com/details/Beck_Arnley/Timing_Chain_Tensioner/024-0481.html?TID=CJ00001CP&cj=1","http://img2s.cpsimg.com/is/image/Autos/024-0481_is?$200x200$","BECK ARNLEY TIMING CHAIN TENSIONER -- A High Quality, Direct-Fit OEM Replacement Timing Chain Tensioner","Timing Chain Tensioner"
"Beck Arnley","024-0507","024-0507","12.55","0.00","4.80","0.00","http://www.carparts.com/details/Beck_Arnley/Timing_Chain_Tensioner/024-0507.html?TID=CJ00001CP&cj=1","http://img2s.cpsimg.com/is/image/Autos/024-0507_is?$200x200$","BECK ARNLEY TIMING CHAIN TENSIONER -- A High Quality, Direct-Fit OEM Replacement Timing Chain Tensioner","Timing Chain Tensioner"
"Beck Arnley","024-0689","024-0689","20.51","0.00","6.39","0.00","http://www.carparts.com/details/Beck_Arnley/Timing_Chain/024-0689.html?TID=CJ00001CP&cj=1","http://img2s.cpsimg.com/is/image/Autos/024-0689_is?$200x200$","BECK ARNLEY TIMING CHAIN -- A High Quality, Direct-Fit OEM Replacement Timing Chain","Timing Chain"
"Beck Arnley","024-0739","024-0739","10.72","0.00","4.64","0.00","http://www.carparts.com/details/Beck_Arnley/Timing_Chain_Guide/024-0739.html?TID=CJ00001CP&cj=1","http://img2s.cpsimg.com/is/image/Autos/024-0739_is?$200x200$","BECK ARNLEY TIMING CHAIN GUIDE -- A High Quality, Direct-Fit OEM Replacement Timing Chain Guide","Timing Chain Guide"
"Beck Arnley","024-0747","024-0747","10.26","0.00","4.64","0.00","http://www.carparts.com/details/Beck_Arnley/Timing_Chain_Guide/024-0747.html?TID=CJ00001CP&cj=1","http://img2s.cpsimg.com/is/image/Autos/024-0747_is?$200x200$","BECK ARNLEY TIMING CHAIN GUIDE -- A High Quality, Direct-Fit OEM Replacement Timing Chain Guide","Timing Chain Guide"
"Beck Arnley","024-0762","024-0762","14.11","0.00","4.64","0.00","http://www.carparts.com/details/Beck_Arnley/Timing_Chain_Guide/024-0762.html?TID=CJ00001CP&cj=1","http://img2s.cpsimg.com/is/image/Autos/024-0762_is?$200x200$","BECK ARNLEY TIMING CHAIN GUIDE -- A High Quality, Direct-Fit OEM Replacement Timing Chain Guide","Timing Chain Guide"
"Beck Arnley","024-0846","024-0846","16.17","0.00","4.64","0.00","http://www.carparts.com/details/Beck_Arnley/Timing_Chain_Guide/024-0846.html?TID=CJ00001CP&cj=1","http://img2s.cpsimg.com/is/image/Autos/024-0846_is?$200x200$","BECK ARNLEY TIMING CHAIN GUIDE -- A High Quality, Direct-Fit OEM Replacement Timing Chain Guide","Timing Chain Guide"
"Beck Arnley","024-0947","024-0947","7.88","0.00","4.64","0.00","http://www.carparts.com/details/Beck_Arnley/Timing_Chain_Guide/024-0947.html?TID=CJ00001CP&cj=1","http://img2s.cpsimg.com/is/image/Autos/024-0947_is?$200x200$","BECK ARNLEY TIMING CHAIN GUIDE -- A High Quality, Direct-Fit OEM Replacement Timing Chain Guide","Timing Chain Guide"
"Beck Arnley","024-0952","024-0952","10.61","0.00","4.80","0.00","http://www.carparts.com/details/Beck_Arnley/Timing_Chain_Tensioner/024-0952.html?TID=CJ00001CP&cj=1","http://img2s.cpsimg.com/is/image/Autos/024-0952_is?$200x200$","BECK ARNLEY TIMING CHAIN TENSIONER -- A High Quality, Direct-Fit OEM Replacement Timing Chain Tensioner","Timing Chain Tensioner"
"Beck Arnley","024-0963","024-0963","29.09","0.00","6.12","0.00","http://www.carparts.com/details/Beck_Arnley/Timing_Belt_Tensioner/024-0963.html?TID=CJ00001CP&cj=1","http://img2s.cpsimg.com/is/image/Autos/024-0963_is?$200x200$","BECK ARNLEY TIMING BELT TENSIONER -- A High Quality, Direct-Fit OEM Replacement Timing Belt Tensioner","Timing Belt Tensioner"
"Beck Arnley","024-0971","024-0971","11.57","0.00","4.64","0.00","http://www.carparts.com/details/Beck_Arnley/Timing_Chain_Guide/024-0971.html?TID=CJ00001CP&cj=1","http://img2s.cpsimg.com/is/image/Autos/024-0971_is?$200x200$","BECK ARNLEY TIMING CHAIN GUIDE -- A High Quality, Direct-Fit OEM Replacement Timing Chain Guide","Timing Chain Guide"
"Beck Arnley","024-0986","024-0986","48.92","0.00","6.12","0.00","http://www.carparts.com/details/Beck_Arnley/Timing_Belt_Tensioner/024-0986.html?TID=CJ00001CP&cj=1","http://img2s.cpsimg.com/is/image/Autos/024-0986_is?$200x200$","BECK ARNLEY TIMING BELT TENSIONER -- A High Quality, Direct-Fit OEM Replacement Timing Belt Tensioner","Timing Belt Tensioner"
"Beck Arnley","024-0987","024-0987","24.48","0.00","6.12","0.00","http://www.carparts.com/details/Beck_Arnley/Timing_Belt_Tensioner/024-0987.html?TID=CJ00001CP&cj=1","http://img2s.cpsimg.com/is/image/Autos/024-0987_is?$200x200$","BECK ARNLEY TIMING BELT TENSIONER -- A High Quality, Direct-Fit OEM Replacement Timing Belt Tensioner","Timing Belt Tensioner"
"Beck Arnley","024-0994","024-0994","28.39","0.00","6.12","0.00","http://www.carparts.com/details/Beck_Arnley/Timing_Belt_Tensioner/024-0994.html?TID=CJ00001CP&cj=1","http://img2s.cpsimg.com/is/image/Autos/024-0994_is?$200x200$","BECK ARNLEY TIMING BELT TENSIONER -- A High Quality, Direct-Fit OEM Replacement Timing Belt Tensioner","Timing Belt Tensioner"
"Beck Arnley","024-0995","024-0995","19.62","0.00","4.64","0.00","http://www.carparts.com/details/Beck_Arnley/Timing_Chain_Guide/024-0995.html?TID=CJ00001CP&cj=1","http://img2s.cpsimg.com/is/image/Autos/024-0995_is?$200x200$","BECK ARNLEY TIMING CHAIN GUIDE -- A High Quality, Direct-Fit OEM Replacement Timing Chain Guide","Timing Chain Guide"
"Beck Arnley","024-1000","024-1000","25.37","0.00","6.12","0.00","http://www.carparts.com/details/Beck_Arnley/Timing_Belt_Tensioner/024-1000.html?TID=CJ00001CP&cj=1","http://img2s.cpsimg.com/is/image/Autos/024-1000_is?$200x200$","BECK ARNLEY TIMING BELT TENSIONER -- A High Quality, Direct-Fit OEM Replacement Timing Belt Tensioner","Timing Belt Tensioner"
"Beck Arnley","024-1002","024-1002","22.54","0.00","6.39","0.00","http://www.carparts.com/details/Beck_Arnley/Timing_Chain/024-1002.html?TID=CJ00001CP&cj=1","http://img2s.cpsimg.com/is/image/Autos/024-1002_is?$200x200$","BECK ARNLEY TIMING CHAIN -- A High Quality, Direct-Fit OEM Replacement Timing Chain","Timing Chain"
"Beck Arnley","024-1006","024-1006","28.59","0.00","3.24","0.00","http://www.carparts.com/details/Beck_Arnley/Timing_Belt_Idler_Pulley/024-1006.html?TID=CJ00001CP&cj=1","http://img2s.cpsimg.com/is/image/Autos/024-1006_is?$200x200$","BECK ARNLEY TIMING BELT IDLER PULLEY -- A high quality, direct-fit OE replacement timing belt idler pulley.","Timing Belt Idler Pulley"
"Beck Arnley","024-1010","024-1010","12.05","0.00","4.64","0.00","http://www.carparts.com/details/Beck_Arnley/Timing_Chain_Guide/024-1010.html?TID=CJ00001CP&cj=1","http://img2s.cpsimg.com/is/image/Autos/024-1010_is?$200x200$","BECK ARNLEY TIMING CHAIN GUIDE -- A High Quality, Direct-Fit OEM Replacement Timing Chain Guide","Timing Chain Guide"
"Beck Arnley","024-1011","024-1011","12.05","0.00","4.64","0.00","http://www.carparts.com/details/Beck_Arnley/Timing_Chain_Guide/024-1011.html?TID=CJ00001CP&cj=1","http://img2s.cpsimg.com/is/image/Autos/024-1011_is?$200x200$","BECK ARNLEY TIMING CHAIN GUIDE -- A High Quality, Direct-Fit OEM Replacement Timing Chain Guide","Timing Chain Guide"
"Beck Arnley","024-1011HD","024-1011HD","21.88","0.00","4.64","0.00","http://www.carparts.com/details/Beck_Arnley/Timing_Chain_Guide/024-1011HD.html?TID=CJ00001CP&cj=1","http://img2s.cpsimg.com/is/image/Autos/024-1011hd_is?$200x200$","BECK ARNLEY TIMING CHAIN GUIDE -- A High Quality, Direct-Fit OEM Replacement Timing Chain Guide","Timing Chain Guide"
"Beck Arnley","024-1014","024-1014","72.05","0.00","6.12","0.00","http://www.carparts.com/details/Beck_Arnley/T-Belt_Tensioner_Pulley/024-1014.html?TID=CJ00001CP&cj=1","http://img2s.cpsimg.com/is/image/Autos/024-1014_is?$200x200$","BECK ARNLEY TIMING TENSIONER PULLEY -- A High Quality, Direct-Fit OEM Replacement Timing Tensioner Pulley","T-Belt Tensioner Pulley"
"Beck Arnley","024-1055","024-1055","38.19","0.00","6.39","0.00","http://www.carparts.com/details/Beck_Arnley/Timing_Chain/024-1055.html?TID=CJ00001CP&cj=1","http://img2s.cpsimg.com/is/image/Autos/024-1055_is?$200x200$","BECK ARNLEY TIMING CHAIN -- A High Quality, Direct-Fit OEM Replacement Timing Chain","Timing Chain"
"Beck Arnley","024-1058","024-1058","26.01","0.00","4.80","0.00","http://www.carparts.com/details/Beck_Arnley/Timing_Chain_Tensioner/024-1058.html?TID=CJ00001CP&cj=1","http://img2s.cpsimg.com/is/image/Autos/024-1058_is?$200x200$","BECK ARNLEY TIMING CHAIN TENSIONER -- A High Quality, Direct-Fit OEM Replacement Timing Chain Tensioner","Timing Chain Tensioner"
"Beck Arnley","024-1061","024-1061","33.17","0.00","4.80","0.00","http://www.carparts.com/details/Beck_Arnley/Timing_Chain_Tensioner/024-1061.html?TID=CJ00001CP&cj=1","http://img2s.cpsimg.com/is/image/Autos/024-1061_is?$200x200$","BECK ARNLEY TIMING CHAIN TENSIONER -- A High Quality, Direct-Fit OEM Replacement Timing Chain Tensioner","Timing Chain Tensioner"
"Beck Arnley","024-1071","024-1071","24.82","0.00","4.64","0.00","http://www.carparts.com/details/Beck_Arnley/Timing_Chain_Guide/024-1071.html?TID=CJ00001CP&cj=1","http://img2s.cpsimg.com/is/image/Autos/024-1071_is?$200x200$","BECK ARNLEY TIMING CHAIN GUIDE -- A High Quality, Direct-Fit OEM Replacement Timing Chain Guide","Timing Chain Guide"
"Beck Arnley","024-1074","024-1074","37.11","0.00","6.12","0.00","http://www.carparts.com/details/Beck_Arnley/T-Belt_Tensioner_Pulley/024-1074.html?TID=CJ00001CP&cj=1","http://img2s.cpsimg.com/is/image/Autos/024-1074_is?$200x200$","BECK ARNLEY TIMING TENSIONER PULLEY -- A High Quality, Direct-Fit OEM Replacement Timing Tensioner Pulley","T-Belt Tensioner Pulley"
"Beck Arnley","024-1075","024-1075","57.86","0.00","6.12","0.00","http://www.carparts.com/details/Beck_Arnley/Timing_Belt_Tensioner/024-1075.html?TID=CJ00001CP&cj=1","http://img2s.cpsimg.com/is/image/Autos/024-1075_is?$200x200$","BECK ARNLEY TIMING BELT TENSIONER -- A High Quality, Direct-Fit OEM Replacement Timing Belt Tensioner","Timing Belt Tensioner"
"Beck Arnley","024-1076","024-1076","36.07","0.00","6.12","0.00","http://www.carparts.com/details/Beck_Arnley/Timing_Belt_Tensioner/024-1076.html?TID=CJ00001CP&cj=1","http://img2s.cpsimg.com/is/image/Autos/024-1076_is?$200x200$","BECK ARNLEY TIMING BELT TENSIONER -- A High Quality, Direct-Fit OEM Replacement Timing Belt Tensioner","Timing Belt Tensioner"
"Beck Arnley","024-1081","024-1081","64.74","0.00","6.12","0.00","http://www.carparts.com/details/Beck_Arnley/T-Belt_Tensioner_Pulley/024-1081.html?TID=CJ00001CP&cj=1","http://img2s.cpsimg.com/is/image/Autos/024-1081_is?$200x200$","BECK ARNLEY TIMING TENSIONER PULLEY -- A High Quality, Direct-Fit OEM Replacement Timing Tensioner Pulley","T-Belt Tensioner Pulley"
"Beck Arnley","024-1083","024-1083","45.56","0.00","6.12","0.00","http://www.carparts.com/details/Beck_Arnley/Timing_Belt_Tensioner/024-1083.html?TID=CJ00001CP&cj=1","http://img2s.cpsimg.com/is/image/Autos/024-1083_is?$200x200$","BECK ARNLEY TIMING BELT TENSIONER -- A High Quality, Direct-Fit OEM Replacement Timing Belt Tensioner","Timing Belt Tensioner"
"Beck Arnley","024-1087","024-1087","27.43","0.00","6.12","0.00","http://www.carparts.com/details/Beck_Arnley/Timing_Belt_Tensioner/024-1087.html?TID=CJ00001CP&cj=1","http://img2s.cpsimg.com/is/image/Autos/024-1087_is?$200x200$","BECK ARNLEY TIMING BELT TENSIONER -- A High Quality, Direct-Fit OEM Replacement Timing Belt Tensioner","Timing Belt Tensioner"
"Beck Arnley","024-1095","024-1095","24.37","0.00","6.39","0.00","http://www.carparts.com/details/Beck_Arnley/Timing_Chain/024-1095.html?TID=CJ00001CP&cj=1","http://img2s.cpsimg.com/is/image/Autos/024-1095_is?$200x200$","BECK ARNLEY TIMING CHAIN -- A High Quality, Direct-Fit OEM Replacement Timing Chain","Timing Chain"
"Beck Arnley","024-1096","024-1096","37.26","0.00","6.39","0.00","http://www.carparts.com/details/Beck_Arnley/Timing_Chain/024-1096.html?TID=CJ00001CP&cj=1","http://img2s.cpsimg.com/is/image/Autos/024-1096_is?$200x200$","BECK ARNLEY TIMING CHAIN -- A High Quality, Direct-Fit OEM Replacement Timing Chain","Timing Chain"
"Beck Arnley","024-1098","024-1098","43.18","0.00","6.39","1.53","http://www.carparts.com/details/Beck_Arnley/Timing_Chain/024-1098.html?TID=CJ00001CP&cj=1","http://img2s.cpsimg.com/is/image/Autos/024-1098_is?$200x200$","BECK ARNLEY TIMING CHAIN -- A High Quality, Direct-Fit OEM Replacement Timing Chain","Timing Chain"
"Beck Arnley","024-1105","024-1105","49.53","0.00","4.80","0.00","http://www.carparts.com/details/Beck_Arnley/Timing_Chain_Tensioner/024-1105.html?TID=CJ00001CP&cj=1","http://img2s.cpsimg.com/is/image/Autos/024-1105_is?$200x200$","BECK ARNLEY TIMING CHAIN TENSIONER -- A High Quality, Direct-Fit OEM Replacement Timing Chain Tensioner","Timing Chain Tensioner"
"Beck Arnley","024-1106","024-1106","52.52","0.00","6.12","0.00","http://www.carparts.com/details/Beck_Arnley/Timing_Belt_Tensioner/024-1106.html?TID=CJ00001CP&cj=1","http://img2s.cpsimg.com/is/image/Autos/024-1106_is?$200x200$","BECK ARNLEY TIMING BELT TENSIONER -- A High Quality, Direct-Fit OEM Replacement Timing Belt Tensioner","Timing Belt Tensioner"
"Beck Arnley","024-1118","024-1118","41.81","0.00","6.12","0.00","http://www.carparts.com/details/Beck_Arnley/Timing_Belt_Tensioner/024-1118.html?TID=CJ00001CP&cj=1","http://img2s.cpsimg.com/is/image/Autos/024-1118_is?$200x200$","BECK ARNLEY TIMING BELT TENSIONER -- A high quality, direct-fit OE replacement timing belt tensioner.","Timing Belt Tensioner"
"Beck Arnley","024-1126","024-1126","0.59","0.00","4.64","0.00","http://www.carparts.com/details/Beck_Arnley/Timing_Chain_Guide/024-1126.html?TID=CJ00001CP&cj=1","http://img2s.cpsimg.com/is/image/Autos/024-1126_is?$200x200$","BECK ARNLEY TIMING CHAIN GUIDE -- A High Quality, Direct-Fit OEM Replacement Timing Chain Guide","Timing Chain Guide"
"Beck Arnley","024-1131","024-1131","37.96","0.00","4.80","0.00","http://www.carparts.com/details/Beck_Arnley/Timing_Chain_Tensioner/024-1131.html?TID=CJ00001CP&cj=1","http://img2s.cpsimg.com/is/image/Autos/024-1131_is?$200x200$","BECK ARNLEY TIMING CHAIN TENSIONER -- A High Quality, Direct-Fit OEM Replacement Timing Chain Tensioner","Timing Chain Tensioner"
"Beck Arnley","024-1132","024-1132","47.57","0.00","4.80","0.00","http://www.carparts.com/details/Beck_Arnley/Timing_Chain_Tensioner/024-1132.html?TID=CJ00001CP&cj=1","http://img2s.cpsimg.com/is/image/Autos/024-1132_is?$200x200$","BECK ARNLEY TIMING CHAIN TENSIONER -- A High Quality, Direct-Fit OEM Replacement Timing Chain Tensioner","Timing Chain Tensioner"
"Beck Arnley","024-1135","024-1135","17.59","0.00","4.80","0.00","http://www.carparts.com/details/Beck_Arnley/Timing_Chain_Tensioner/024-1135.html?TID=CJ00001CP&cj=1","http://img2s.cpsimg.com/is/image/Autos/024-1135_is?$200x200$","BECK ARNLEY TIMING CHAIN TENSIONER -- A High Quality, Direct-Fit OEM Replacement Timing Chain Tensioner","Timing Chain Tensioner"
"Beck Arnley","024-1136","024-1136","36.11","0.00","4.64","0.00","http://www.carparts.com/details/Beck_Arnley/Timing_Chain_Guide/024-1136.html?TID=CJ00001CP&cj=1","http://img2s.cpsimg.com/is/image/Autos/024-1136_is?$200x200$","BECK ARNLEY TIMING CHAIN GUIDE -- A High Quality, Direct-Fit OEM Replacement Timing Chain Guide","Timing Chain Guide"
"Beck Arnley","024-1137","024-1137","30.79","0.00","4.80","0.00","http://www.carparts.com/details/Beck_Arnley/Timing_Chain_Tensioner/024-1137.html?TID=CJ00001CP&cj=1","http://img2s.cpsimg.com/is/image/Autos/024-1137_is?$200x200$","BECK ARNLEY TIMING CHAIN TENSIONER -- A High Quality, Direct-Fit OEM Replacement Timing Chain Tensioner","Timing Chain Tensioner"
"Beck Arnley","024-1138","024-1138","43.14","0.00","4.80","0.00","http://www.carparts.com/details/Beck_Arnley/Timing_Chain_Tensioner/024-1138.html?TID=CJ00001CP&cj=1","http://img2s.cpsimg.com/is/image/Autos/024-1138_is?$200x200$","BECK ARNLEY TIMING CHAIN TENSIONER -- A High Quality, Direct-Fit OEM Replacement Timing Chain Tensioner","Timing Chain Tensioner"
"Beck Arnley","024-1139","024-1139","8.07","0.00","4.64","0.00","http://www.carparts.com/details/Beck_Arnley/Timing_Chain_Guide/024-1139.html?TID=CJ00001CP&cj=1","http://img2s.cpsimg.com/is/image/Autos/024-1139_is?$200x200$","BECK ARNLEY TIMING CHAIN GUIDE -- A High Quality, Direct-Fit OEM Replacement Timing Chain Guide","Timing Chain Guide"
"Beck Arnley","024-1141","024-1141","10.68","0.00","4.64","0.00","http://www.carparts.com/details/Beck_Arnley/Timing_Chain_Guide/024-1141.html?TID=CJ00001CP&cj=1","http://img2s.cpsimg.com/is/image/Autos/024-1141_is?$200x200$","BECK ARNLEY TIMING CHAIN GUIDE -- A High Quality, Direct-Fit OEM Replacement Timing Chain Guide","Timing Chain Guide"
"Beck Arnley","024-1142","024-1142","11.41","0.00","4.64","0.00","http://www.carparts.com/details/Beck_Arnley/Timing_Chain_Guide/024-1142.html?TID=CJ00001CP&cj=1","http://img2s.cpsimg.com/is/image/Autos/024-1142_is?$200x200$","BECK ARNLEY TIMING CHAIN GUIDE -- A High Quality, Direct-Fit OEM Replacement Timing Chain Guide","Timing Chain Guide"
"Beck Arnley","024-1143","024-1143","10.52","0.00","4.64","0.00","http://www.carparts.com/details/Beck_Arnley/Timing_Chain_Guide/024-1143.html?TID=CJ00001CP&cj=1","http://img2s.cpsimg.com/is/image/Autos/024-1143_is?$200x200$","BECK ARNLEY TIMING CHAIN GUIDE -- A High Quality, Direct-Fit OEM Replacement Timing Chain Guide","Timing Chain Guide"
"Beck Arnley","024-1145","024-1145","36.92","0.00","6.12","0.00","http://www.carparts.com/details/Beck_Arnley/Timing_Belt_Tensioner/024-1145.html?TID=CJ00001CP&cj=1","http://img2s.cpsimg.com/is/image/Autos/024-1145_is?$200x200$","BECK ARNLEY TIMING BELT TENSIONER -- A High Quality, Direct-Fit OEM Replacement Timing Belt Tensioner","Timing Belt Tensioner"
"Beck Arnley","024-1149","024-1149","51.12","0.00","3.24","0.00","http://www.carparts.com/details/Beck_Arnley/Timing_Belt_Idler_Pulley/024-1149.html?TID=CJ00001CP&cj=1","http://img2s.cpsimg.com/is/image/Autos/024-1149_is?$200x200$","BECK ARNLEY TIMING BELT IDLER PULLEY -- A high quality, direct-fit OE replacement timing belt idler pulley.","Timing Belt Idler Pulley"
"Beck Arnley","024-1153","024-1153","30.86","0.00","6.12","0.00","http://www.carparts.com/details/Beck_Arnley/Timing_Belt_Tensioner/024-1153.html?TID=CJ00001CP&cj=1","http://img2s.cpsimg.com/is/image/Autos/024-1153_is?$200x200$","BECK ARNLEY TIMING BELT TENSIONER -- A High Quality, Direct-Fit OEM Replacement Timing Belt Tensioner","Timing Belt Tensioner"
